OK	3157	rules\GM使用指南.docx
OK	2872	rules\世界观技术层级.docx
OK	8912	rules\文游推演机制 v3.0.1.docx
OK	3763	setting\国家设定  蜂巢帝国.docx
OK	1685	setting\国家设定 兰丝忒妮亚自由城邦国.docx
OK	2702	setting\国家设定 冬之桥学会.docx
OK	4813	setting\国家设定 南洋都护府.docx
OK	12305	setting\国家设定 圣格瑞芬帝国.docx
OK	6791	setting\国家设定 夏普洛斯.docx
OK	11548	setting\国家设定 大洋联邦.docx
OK	1364	setting\国家设定 安然共和国.docx
OK	4314	setting\国家设定 新泽威尔共和国（先行阅览版本）.docx
OK	12757	setting\国家设定 暮雪国.docx
OK	8785	setting\国家设定 极地工程协会.docx
OK	6664	setting\国家设定 瀚朝.docx
OK	19937	setting\国家设定 百国公约.docx
OK	14852	setting\国家设定 科罗兹尼亚王国.docx
OK	2630	setting\国家设定 维托里斯共和国.docx
OK	9341	setting\国家设定 自由普罗斯纳共和国.docx
OK	25134	setting\国家设定 莫林多弗帝国.docx
OK	5634	setting\国家设定 角鲸国.docx
OK	4444	setting\国家设定 雄鹰联邦.docx
OK	3129	setting\国家设定 黑锋帝国.docx
OK	1579	setting\国家设定模板 蜂巢帝国子设定 皇权帝国.docx
OK	905	setting\国家设定模板 蜂巢帝国子设定 阿瓦尔维联盟.docx
OK	547	setting\国家设定模版 蜂巢帝国子设定 巨型蜜蜂养殖地.docx
OK	1006	setting\国家设定模版 蜂巢帝国子设定 戈沃非王国.docx
OK	3331	setting\国家设定模版 蜂巢帝国子设定 故土重工.docx
OK	837	setting\国家设定模版 蜂巢帝国子设定 极地世界.docx
OK	1277	setting\国家设定模版 蜂巢帝国子设定 荣耀蜂群.docx
OK	7399	setting\宗教设定模板 三月信仰体系.docx
OK	22891	setting\我们的夜空——西薇拉的私人日记.docx
OK	1758	setting\浮晶与浮力引擎的基本描述.docx
OK	892	setting\浮晶设定v1.0.docx
OK	2549	setting\瑟斯芬尼亚世界观概述——第一章.docx
OK	1354	setting\瑟斯芬尼亚传奇——巨人的脚印.docx
OK	3063	setting\瑟斯芬尼亚传奇——故事背景.docx
OK	32651	setting\瑟斯芬尼亚种族基础设定.docx